<?xml version="1.0" encoding="UTF-8"?>
<!DOCTYPE suite SYSTEM "http://testng.org/testng-1.0.dtd">
<suite name="Suite">
<test name="ChromeTest">
  <parameter name="browser" value="chrome" />
  <classes>
      <class name="priyankaAssignment1.Selectmenu"/>
      <class name="priyankaAssignment1.Htmlcontactform"/>
      <class name="priyankaAssignment1.Droppable"/>
      <class name="priyankaAssignment1.Datepicker"/>
      <class name="priyankaAssignment1.Selectable"/>
      <class name="priyankaAssignment1.Carrentalblock"/>
      <class name="priyankaAssignment2.UserRegAndSignIn_UKEnglish"/>
      <class name="priyankaAssignment2.UserRegAndSignIn_Chinese"/>
      <class name="priyankaAssignment2.UserRegAndSignIn_Germany"/>
      <class name="priyankaAssignment2.UserRegAndSignIn_Spanish"/>
      <class name="priyankaAssignment3.MakeMyTripBooking"/>
    </classes>
  </test> <!-- Chrome-->
  <test name="FirefoxTest">
  <parameter name="browser" value="firefox" />
  <classes>
      <class name="priyankaAssignment1.Selectmenu"/>
      <class name="priyankaAssignment1.Htmlcontactform"/>
      <class name="priyankaAssignment1.Droppable"/>
      <class name="priyankaAssignment1.Datepicker"/>
      <class name="priyankaAssignment1.Selectable"/>
      <class name="priyankaAssignment1.Carrentalblock"/>
      <class name="priyankaAssignment2.UserRegAndSignIn_UKEnglish"/>
      <class name="priyankaAssignment2.UserRegAndSignIn_Chinese"/>
      <class name="priyankaAssignment2.UserRegAndSignIn_Germany"/>
      <class name="priyankaAssignment2.UserRegAndSignIn_Spanish"/>
      <class name="priyankaAssignment3.MakeMyTripBooking"/>
      </classes>
  </test> <!-- Firefox -->
</suite> <!-- Suite -->